{
    "cities": [
        {
            "index": 0,
            "cordX": 46.0506783,
            "cordY": 14.514648
        }
    ],
    "distanceMatrix": [
        [
            0,
            1214,
            2182,
            4121,
            2660,
            5367,
            669,
            6053,
            22938,
            7466
        ]
    ],
    "timeMatrix": [
        [
            0,
            335,
            409,
            598,
            428,
            878,
            174,
            883,
            1739,
            969
        ]
    ]
}